"Table 8.7a   Annual pay - Gross (£) - For all employee jobsa: United Kingdom, 2025",,,,,,,,,,,,,,,,,,,,,,,,
,,,,,,,,,,,,,,,,,,,,,,,,
,,Number,,Annual,,Annual,,,,,,,,,,,,,,,,,,
,,of jobsb,,percentage,,percentage,Percentiles,,,,,,,,,,,,,,,,,
Description,Code,(thousand),Median,change,Mean,change,10,20,25,30,40,60,70,75,80,90,,,,,,,,
United Kingdom ,K02000001,"24,897","32,890",4.1,"40,269",5.5,"11,425","18,560","22,060","24,532","28,591","38,000","44,500","48,283","52,809","69,381",,,,,,,,
Great Britain,K03000001,"23,879","32,978",3.9,"40,436",5.4,"11,480","18,625","22,120","24,585","28,650","38,063","44,635","48,403","52,923","69,719",,Key,Statistical robustness,,,,,
England and Wales,K04000001,"21,674","32,963",4.0,"40,681",5.4,"11,429","18,579","22,080","24,547","28,617","38,034","44,654","48,447","53,123","70,138",, CV <= 5% , Estimates are considered precise  ,,,,,
England,E92000001,"20,472","33,080",3.9,"41,038",5.3,"11,440","18,624","22,142","24,632","28,722","38,223","44,898","48,731","53,546","70,943",, CV > 5% and <= 10% , Estimates are considered reasonably precise ,,,,,
North East ,E12000001,882,"29,584",3.6,"33,999",4.4,"10,982","17,650","20,833","23,233","26,427","33,755","38,994","42,371","46,133","57,592",, CV > 10% and <= 20% , Estimates are considered acceptable ,,,,,
Darlington UA,E06000005,42,"30,100",9.2,"35,551",6.4,"14,383","19,429","21,881","23,561","27,029","35,687","40,991","45,338","48,935",x,, x = CV > 20% , Estimates are considered unreliable for practical purposes ,,,,,
Hartlepool UA,E06000001,30,"28,830",4.8,"30,428",0.0,"9,413","15,000","17,571","20,955","25,440","30,974","35,320","37,736","40,622",x,, .. = disclosive ,,,,,,
Middlesbrough UA,E06000002,38,"30,253",10.2,"34,997",14.0,"13,882","19,771","21,817","24,619","28,049","33,981","39,000","40,230","44,808",x,, : = not applicable ,,,,,,
Redcar and Cleveland UA,E06000003,43,"28,630",8.1,"31,794",7.7,x,"14,065","16,483","20,290","24,922","32,097","36,765","39,808","44,191",x,, - = nil or negligible  ,,,,,,
Stockton-on-Tees UA,E06000004,69,"29,877",5.0,"34,725",9.4,"11,625","16,653","21,151","23,194","26,071","35,579","41,204","44,548","48,445",x,,,,,,,,
County Durham UA,E06000047,182,"29,718",4.6,"32,953",1.3,"12,044","18,402","21,733","23,943","26,669","33,000","38,038","41,420","45,830","54,208",,,,,,,,
Northumberland UA,E06000057,106,"30,456",1.8,"36,680",4.3,"11,071","17,701","20,487","23,334","26,885","36,452","41,944","45,889","49,601",x,,,,,,,,
Tyne and Wear Met County,E11000007,373,"29,492",2.7,"33,884",3.9,"10,639","17,442","20,468","22,925","26,259","33,510","38,399","41,817","45,328","57,501",,,,,,,,
  Gateshead,E08000037,68,"29,494",7.3,"32,445",7.8,"9,568","16,376","19,161","22,151","25,761","32,581","37,482","41,094","44,975",x,,,,,,,,
  Newcastle upon Tyne,E08000021,86,"30,144",3.0,"35,480",2.5,"11,569","17,468","20,881","23,229","26,775","34,309","38,419","41,445","45,200",x,,,,,,,,
  North Tyneside,E08000022,81,"31,106",2.0,"37,590",5.1,"11,603","19,174","21,343","23,592","27,544","36,502","43,344","47,268","50,974",x,,,,,,,,
  South Tyneside,E08000023,46,"28,784",4.4,"32,336",5.4,"10,107","15,669","19,573","21,604","25,351","32,123","37,364","41,318","44,439",x,,,,,,,,
  Sunderland,E08000024,92,"27,989",-1.0,"30,972",0.0,x,"16,801","19,964","22,503","25,487","31,488","35,447","38,902","41,742",x,,,,,,,,
North West ,E12000002,"2,731","31,330",3.7,"36,636",4.2,"11,416","18,137","21,145","23,752","27,270","36,291","42,388","45,886","49,778","63,763",,,,,,,,
Blackburn with Darwen UA,E06000008,50,"27,502",5.4,"31,055",7.4,"11,896","17,961","20,190","22,384","25,631","31,708","36,803","38,036","42,109",x,,,,,,,,
Blackpool UA,E06000009,44,"27,979",4.8,"28,814",-0.9,"10,158","16,071","18,548","21,680","25,450","30,326","34,013","36,719","39,357",x,,,,,,,,
Halton UA,E06000006,50,"29,819",-0.6,"34,637",2.1,"11,297","16,201","20,529","23,537","26,579","33,625","40,889","44,692","49,412",x,,,,,,,,
Warrington UA,E06000007,81,"34,144",5.2,"41,073",3.5,"11,984","19,563","22,974","25,059","29,883","40,203","47,313","52,123","56,059",x,,,,,,,,
Cheshire East UA,E06000049,162,"33,221",3.8,"44,740",8.5,"11,834","18,848","21,664","24,367","29,049","39,523","46,868","51,221","57,411",x,,,,,,,,
Cheshire West and Chester UA,E06000050,143,"32,391",2.8,"38,487",2.7,"11,099","17,597","21,115","24,262","27,994","39,081","45,793","49,687","53,717",x,,,,,,,,
Cumberland UA,E06000063,114,"33,840",8.7,"38,801",9.2,"13,056","19,788","22,198","24,297","29,092","41,185","46,771","51,521","55,237",x,,,,,,,,
Westmorland and Furness UA,E06000064,91,"33,988",1.3,"37,928",2.0,"10,700","18,459","22,298","24,464","29,341","39,635","46,488","49,164","53,839",x,,,,,,,,
Greater Manchester Met County,E11000001,"1,030","30,962",3.2,"35,874",3.4,"10,999","17,622","20,957","23,470","27,020","35,547","40,989","44,675","48,521","62,575",,,,,,,,
  Bolton,E08000001,93,"29,409",5.7,"34,110",9.7,"10,318","17,086","20,639","22,465","25,359","33,358","39,323","42,668","46,121",x,,,,,,,,
  Bury,E08000002,64,"31,687",0.3,"36,576",3.8,"12,407","17,681","21,960","24,874","28,084","35,644","40,289","42,949","46,591",x,,,,,,,,
  Manchester,E08000003,190,"30,067",5.9,"35,180",4.5,"9,453","16,114","19,847","22,481","26,628","34,934","39,197","43,368","47,806","62,628",,,,,,,,
  Oldham,E08000004,78,"29,124",-1.3,"31,608",-4.5,"10,617","16,605","19,891","22,232","25,488","33,184","38,382","40,070","44,138",x,,,,,,,,
  Rochdale,E08000005,73,"29,535",2.0,"36,586",4.1,"11,475","17,988","20,255","22,488","26,416","34,285","38,503","42,472","47,007",x,,,,,,,,
  Salford,E08000006,107,"30,495",-0.4,"35,495",2.3,"10,466","17,175","20,765","24,031","27,342","34,712","40,853","44,055","48,073",x,,,,,,,,
  Stockport,E08000007,113,"33,565",7.4,"38,491",3.4,"11,450","18,531","21,663","24,268","28,228","38,250","44,569","48,518","52,809",x,,,,,,,,
  Tameside,E08000008,83,"29,877",2.5,"32,748",4.2,"11,707","18,491","21,244","23,519","26,366","33,787","39,952","42,698","46,112",x,,,,,,,,
  Trafford,E08000009,100,"35,593",5.4,"42,461",2.0,"11,603","18,238","22,965","25,675","30,596","41,514","48,211","54,039","59,496",x,,,,,,,,
  Wigan,E08000010,130,"31,615",4.0,"34,930",2.9,"12,437","18,712","21,958","23,944","27,088","36,357","41,151","44,660","48,249","62,055",,,,,,,,
Lancashire,E10000017,443,"31,066",2.8,"36,366",3.4,"11,766","18,386","21,171","23,771","27,000","35,582","41,894","45,792","49,967","62,885",,,,,,,,
  Burnley,E07000117,29,"29,680",-0.2,"32,759",1.7,"13,126","19,013","21,176","23,678","26,920","33,136","36,591","39,583","44,997",x,,,,,,,,
  Chorley,E07000118,52,"33,337",1.5,"37,899",5.0,"12,180","19,944","22,358","24,991","29,190","37,953","44,574","47,113","50,913",x,,,,,,,,
  Fylde,E07000119,28,"36,020",8.4,"43,029",8.8,x,"20,424","22,378","24,046","29,069","43,401","50,473","54,832",x,x,,,,,,,,
  Hyndburn,E07000120,27,"29,647",0.4,"32,347",3.8,x,"18,163","20,009","22,252","25,479","32,737","38,456","42,560",x,x,,,,,,,,
  Lancaster,E07000121,46,"29,651",0.6,"33,842",5.0,"10,418","16,621","19,492","21,829","26,138","33,860","38,019","39,737","42,557",x,,,,,,,,
  Pendle,E07000122,28,"26,742",-1.9,"31,997",-0.5,x,"15,588","18,538","20,764","24,835","30,099","33,894","36,059",x,x,,,,,,,,
  Preston,E07000123,56,"30,038",5.5,"34,698",3.3,"10,326","16,207","19,389","22,673","26,304","34,426","40,486","45,436","51,427",x,,,,,,,,
  Ribble Valley,E07000124,25,"34,077",4.2,"45,947",11.1,x,"20,621","22,981","25,920","30,510","40,591",x,x,x,x,,,,,,,,
  Rossendale,E07000125,26,"30,487",0.2,"35,088",6.2,x,"17,773","21,071","22,946","25,967","35,134","40,853","46,509",x,x,,,,,,,,
  South Ribble,E07000126,47,"32,740",1.9,"36,183",-7.1,"12,570","20,603","23,453","25,136","28,197","37,222","43,072","46,935","50,047",x,,,,,,,,
  West Lancashire,E07000127,41,"31,884",2.4,"38,066",1.8,x,"19,160","22,472","24,628","27,576","37,287","44,909","47,624","53,200",x,,,,,,,,
  Wyre,E07000128,37,"29,814",-2.7,"36,536",5.4,x,"18,090","19,885","22,765","27,000","37,255","44,400","47,218",x,x,,,,,,,,
Merseyside Met County,E11000002,524,"31,233",4.7,"35,343",4.7,"11,576","18,224","21,001","23,707","27,112","36,327","41,996","45,037","48,018","59,709",,,,,,,,
  Knowsley,E08000011,55,"32,542",5.3,"34,070",2.9,"13,427","18,821","21,251","24,079","27,932","37,000","41,765","44,782","46,502",x,,,,,,,,
  Liverpool,E08000012,178,"30,947",4.3,"34,678",1.8,"10,196","17,836","20,966","23,816","27,039","36,312","41,600","44,666","47,355","59,516",,,,,,,,
  St. Helens,E08000013,73,"31,443",4.1,"36,361",6.9,"12,327","18,231","21,259","23,964","27,099","36,160","41,996","45,199","48,721",x,,,,,,,,
  Sefton,E08000014,102,"29,335",7.2,"34,350",5.3,"10,521","17,390","20,050","22,312","26,161","34,068","41,108","45,731","48,078",x,,,,,,,,
  Wirral,E08000015,115,"32,959",5.9,"37,206",7.9,"12,570","18,852","21,799","24,366","28,104","37,577","43,026","45,445","48,648",x,,,,,,,,
Yorkshire and The Humber ,E12000003,"1,996","30,682",2.5,"35,305",3.9,"11,396","17,976","21,061","23,615","26,935","35,003","40,140","43,924","47,942","61,445",,,,,,,,
East Riding of Yorkshire UA,E06000011,135,"31,881",0.7,"37,220",1.0,"11,978","18,976","22,159","24,212","28,364","37,035","44,374","47,310","51,721",x,,,,,,,,
Kingston upon Hull UA,E06000010,91,"27,309",1.0,"29,153",0.9,"11,423","15,772","18,461","21,569","24,856","30,762","33,774","37,351","39,839",x,,,,,,,,
North East Lincolnshire UA,E06000012,54,"28,898",-3.8,"33,778",-3.8,"10,379","16,182","19,431","21,710","24,844","33,853","39,468","43,664","47,169",x,,,,,,,,
North Lincolnshire UA,E06000013,63,"30,012",-2.2,"34,931",2.9,"11,132","17,649","20,327","22,152","26,080","34,370","39,643","44,305","48,055",x,,,,,,,,
York UA,E06000014,74,"32,961",3.5,"40,376",13.4,x,"18,523","22,218","24,991","28,652","38,550","46,018","53,288","59,162",x,,,,,,,,
North Yorkshire UA,E06000065,217,"30,683",2.6,"37,837",6.3,"10,403","17,887","21,103","23,482","27,489","35,541","42,152","45,678","51,804","69,242",,,,,,,,
South Yorkshire Met County,E11000003,495,"31,308",4.5,"35,169",4.7,"12,570","18,712","22,002","24,064","27,429","35,610","40,455","43,692","48,018","59,370",,,,,,,,
  Barnsley,E08000038,93,"31,359",2.9,"35,139",4.0,"13,205","18,391","21,449","24,012","27,889","36,126","41,131","43,231","48,674",x,,,,,,,,
  Doncaster,E08000017,98,"31,119",3.1,"33,396",-2.1,x,"18,159","21,693","23,444","26,617","34,451","38,481","41,740","46,690",x,,,,,,,,
  Rotherham,E08000018,90,"29,664",6.1,"33,799",5.0,"12,017","18,090","20,412","22,762","25,829","33,963","38,207","41,386","45,183",x,,,,,,,,
  Sheffield,E08000039,214,"31,816",5.4,"36,570",8.0,"12,538","19,471","23,047","24,691","28,123","36,844","42,345","45,307","49,108","63,586",,,,,,,,
West Yorkshire Met County,E11000006,867,"30,431",2.1,"34,782",3.2,"10,827","17,633","20,879","23,557","26,688","34,844","39,635","42,852","46,999","59,647",,,,,,,,
  Bradford,E08000032,165,"28,424",3.3,"33,267",3.0,"9,994","16,304","19,454","22,130","25,480","32,294","37,159","39,389","42,964","55,033",,,,,,,,
  Calderdale,E08000033,78,"31,708",5.3,"35,761",2.8,"11,742","19,104","21,887","24,072","28,000","35,240","40,747","44,713","48,659",x,,,,,,,,
  Kirklees,E08000034,174,"30,238",4.1,"34,811",9.1,"10,036","16,514","18,919","22,524","26,300","34,744","39,581","43,573","46,801","57,483",,,,,,,,
  Leeds,E08000035,311,"31,679",0.7,"36,527",1.9,"11,460","19,279","22,818","24,812","28,015","36,373","41,617","45,724","49,756","63,675",,,,,,,,
  Wakefield,E08000036,138,"29,954",3.0,"32,083",-0.8,"11,046","16,651","19,864","22,270","26,121","33,514","37,638","40,826","44,004","54,599",,,,,,,,
East Midlands ,E12000004,"1,800","30,690",2.9,"35,709",5.2,"11,521","17,477","20,731","23,555","26,975","35,206","40,750","44,406","48,366","61,196",,,,,,,,
Derby UA,E06000015,90,"30,467",1.1,"34,719",2.3,"11,316","16,796","20,473","23,902","27,642","35,804","41,728","44,941","48,207",x,,,,,,,,
Leicester UA,E06000016,117,"27,858",7.8,"30,887",7.3,"10,190","16,857","19,070","21,792","25,052","31,343","34,971","37,140","39,482",x,,,,,,,,
North Northamptonshire UA,E06000061,141,"32,882",4.7,"38,911",5.4,"12,402","19,101","23,062","25,118","29,049","37,481","43,021","46,374","50,895",x,,,,,,,,
Nottingham UA,E06000018,87,"26,512",4.8,"29,857",5.9,"8,382","13,904","16,510","19,443","23,973","28,942","33,356","36,146","40,954",x,,,,,,,,
Rutland UA,E06000017,14,"39,559",4.3,"49,988",14.2,x,"26,131","28,874","32,126","35,498","44,507",x,x,x,x,,,,,,,,
West Northamptonshire UA,E06000062,159,"33,059",4.3,"40,558",7.5,"12,689","20,019","23,616","25,599","29,204","37,736","44,164","47,580","52,995",x,,,,,,,,
Derbyshire,E10000007,314,"31,694",4.2,"36,304",6.6,"12,333","18,089","21,724","24,087","27,596","36,124","41,631","44,948","48,257","59,958",,,,,,,,
  Amber Valley,E07000032,50,"30,823",1.2,"35,177",1.9,"11,700","16,841","20,623","23,579","26,977","35,079","40,101","44,754","47,968",x,,,,,,,,
  Bolsover,E07000033,30,"29,674",10.5,"31,819",9.0,x,"19,000","22,347","23,462","25,997","33,106","35,803","38,992",x,x,,,,,,,,
  Chesterfield,E07000034,41,"30,621",6.9,"34,677",6.2,"11,801","17,777","20,683","24,336","27,265","34,956","38,744","42,145","45,132",x,,,,,,,,
  Derbyshire Dales,E07000035,23,"33,700",10.0,"35,488",3.5,x,x,"20,501","24,717","28,523","38,266","47,903","49,534",x,x,,,,,,,,
  Erewash,E07000036,44,"31,673",3.1,"33,391",0.8,"12,526","17,087","20,603","22,479","26,613","35,648","38,996","43,550","47,306",x,,,,,,,,
  High Peak,E07000037,36,"32,258",8.0,"38,718",9.4,x,"20,959","22,621","23,984","28,000","37,315","42,299","45,827",x,x,,,,,,,,
  North East Derbyshire,E07000038,42,"30,931",0.2,"38,994",10.9,"13,128","19,895","23,126","24,994","27,520","36,124","40,661","44,993","49,273",x,,,,,,,,
  South Derbyshire,E07000039,47,"35,452",4.0,"40,580",10.4,"11,357","17,711","20,988","25,656","30,250","38,903","44,308","46,834","49,802",x,,,,,,,,
Leicestershire,E10000018,286,"31,921",3.7,"36,472",4.1,"11,900","17,657","20,564","23,600","27,556","36,843","43,067","46,598","50,360","63,974",,,,,,,,
  Blaby,E07000129,39,"31,950",2.4,"35,148",0.7,"12,000","16,308","19,491","23,451","28,007","36,001","42,092","46,744","50,448",x,,,,,,,,
  Charnwood,E07000130,72,"33,550",0.8,"35,439",1.5,x,x,"22,194","24,308","28,436","37,702","42,882","45,952","49,586",x,,,,,,,,
  Harborough,E07000131,42,"34,321",5.8,"42,732",1.5,"11,910","17,427","21,340","23,966","28,537","40,001","49,488","54,441",x,x,,,,,,,,
  Hinckley and Bosworth,E07000132,47,"31,591",5.8,"34,419",6.0,"12,271","19,588","21,776","24,324","28,257","35,605","41,077","45,321","48,200",x,,,,,,,,
  Melton,E07000133,16,"26,633",-2.5,"32,292",7.7,"11,862","14,232","15,870","16,874","23,008","30,796","33,975",x,x,x,,,,,,,,
  North West Leicestershire,E07000134,44,"32,252",-0.8,"37,507",2.9,"12,409","16,952","20,541","23,236","27,499","37,769","43,203","46,465",x,x,,,,,,,,
  Oadby and Wigston,E07000135,26,"28,368",-3.7,"35,834",11.6,"10,438","14,956","18,537","20,422","25,084","33,963","43,309","45,366",x,x,,,,,,,,
Lincolnshire,E10000019,282,"29,651",3.2,"33,810",4.3,"10,883","16,689","19,731","22,845","26,423","33,324","38,848","41,987","45,989","59,209",,,,,,,,
  Boston,E07000136,24,"27,729",9.3,"30,171",14.3,x,x,"17,529","21,132","24,971","29,500","33,572","35,523",x,x,,,,,,,,
  East Lindsey,E07000137,40,"26,705",4.9,"29,720",1.6,"9,736","15,261","17,827","19,633","23,720","30,237","34,511","37,734","41,335",x,,,,,,,,
  Lincoln,E07000138,37,"29,824",3.5,"32,167",5.5,"9,442","14,774","18,335","22,374","26,734","33,493","38,852","41,157","44,700",x,,,,,,,,
  North Kesteven,E07000139,49,"30,585",-1.3,"34,928",4.4,"10,367","16,311","18,990","23,237","26,667","35,942","40,500","44,113","49,672",x,,,,,,,,
  South Holland,E07000140,38,"30,196",-1.7,"34,626",3.9,"13,973","20,054","23,188","25,186","27,663","32,742","37,830","41,534","44,942",x,,,,,,,,
  South Kesteven,E07000141,52,"29,071",0.1,"37,654",4.2,"11,461","16,393","20,513","23,494","26,604","34,505","42,008","45,309",x,x,,,,,,,,
  West Lindsey,E07000142,42,"30,741",2.7,"34,392",2.0,"11,051","17,842","20,503","23,381","26,877","36,369","41,237","43,163","47,615",x,,,,,,,,
Nottinghamshire,E10000024,311,"30,032",2.3,"35,277",5.1,"10,318","16,278","20,169","22,791","26,279","35,211","41,082","44,871","49,034","61,787",,,,,,,,
  Ashfield,E07000170,46,"27,797",0.3,"33,388",7.6,"12,407","17,041","20,537","23,309","25,484","31,101","36,871","39,190",x,x,,,,,,,,
  Bassetlaw,E07000171,47,"28,314",-1.5,"31,599",0.0,"11,005","16,049","18,062","21,042","24,904","32,448","36,371","40,191","45,836",x,,,,,,,,
  Broxtowe,E07000172,43,"30,966",-2.7,"35,785",-4.0,x,x,"21,949","23,668","26,209","36,027","41,092","44,677",x,x,,,,,,,,
  Gedling,E07000173,48,"30,051",7.1,"35,243",7.1,x,"15,175","20,094","22,778","26,784","35,530","41,379","44,348","49,349",x,,,,,,,,
  Mansfield,E07000174,38,"28,170",2.2,"30,845",6.6,"8,603","14,218","17,920","21,134","25,177","31,689","37,049","41,450","44,981",x,,,,,,,,
  Newark and Sherwood,E07000175,43,"29,806",2.4,"34,695",0.0,"9,759","13,757","19,068","22,155","25,685","36,020","43,346","47,416","51,157",x,,,,,,,,
  Rushcliffe,E07000176,48,"36,705",11.7,"44,322",17.3,"9,568","17,919","22,154","26,157","31,743","41,959","48,055","50,538","59,767",x,,,,,,,,
West Midlands ,E12000005,"2,060","31,345",4.8,"36,444",5.0,"11,029","18,287","21,497","23,844","27,390","36,064","42,000","45,568","49,539","62,484",,,,,,,,
Herefordshire UA,E06000019,72,"29,361",2.8,"33,451",6.9,"11,042","16,278","19,767","22,815","25,550","33,599","37,936","41,127","44,371",x,,,,,,,,
Stoke-on-Trent UA,E06000021,89,"29,041",7.7,"31,875",10.2,"10,389","17,274","20,595","22,867","26,032","32,335","37,171","40,021","42,769",x,,,,,,,,
Telford and Wrekin UA,E06000020,71,"31,459",5.8,"34,296",7.7,"12,084","18,034","21,059","23,313","27,082","35,695","40,449","43,112","46,833",x,,,,,,,,
Shropshire UA,E06000051,109,"29,603",0.1,"34,822",1.0,"10,744","17,370","19,426","21,869","25,534","34,658","40,064","44,838","48,295",x,,,,,,,,
Staffordshire,E10000028,336,"32,091",2.5,"36,849",-4.9,"11,586","18,903","22,666","24,361","28,168","37,201","42,881","46,330","49,834","63,054",,,,,,,,
  Cannock Chase,E07000192,37,"30,178",7.1,"33,725",12.4,"12,126","19,165","21,513","24,118","28,081","35,198","39,861","43,211","45,217",x,,,,,,,,
  East Staffordshire,E07000193,45,"31,517",1.6,"36,148",-0.1,"12,009","20,926","23,864","25,254","28,321","36,823","43,663","46,187","48,958",x,,,,,,,,
  Lichfield,E07000194,40,"33,763",-2.2,"41,455",,"12,490","18,615","23,236","24,543","29,428","39,630","45,953","49,261",x,x,,,,,,,,
  Newcastle-under-Lyme,E07000195,47,"31,205",5.1,"34,909",6.0,"8,982","17,242","21,282","24,210","27,436","34,885","39,480",x,x,x,,,,,,,,
  South Staffordshire,E07000196,44,"31,766",3.0,"35,993",0.9,"10,293","17,169","21,041","23,226","26,389","36,806","43,684","46,721","50,199",x,,,,,,,,
  Stafford,E07000197,51,"33,872",-4.2,"39,033",-5.6,"13,242","21,110","23,959","25,568","29,265","39,262","45,488","48,331","54,189",x,,,,,,,,
  Staffordshire Moorlands,E07000198,40,"31,065",3.6,"37,398",7.9,"10,530","18,699","21,839","24,378","27,387","37,525","41,959","46,584","49,310",x,,,,,,,,
  Tamworth,E07000199,33,"33,167",5.7,"35,654",8.9,x,"16,197","20,173","24,013","28,651","36,508","41,269","46,184","50,277",x,,,,,,,,
Warwickshire,E10000031,240,"35,621",8.3,"44,599",16.1,"12,337","21,332","23,959","26,196","30,466","41,728","48,626","53,539","59,441","77,233",,,,,,,,
  North Warwickshire,E07000218,25,"35,067",7.3,"40,257",8.3,x,"22,480","24,850","26,079","30,485","41,090","46,841","49,596",x,x,,,,,,,,
  Nuneaton and Bedworth,E07000219,59,"32,402",5.7,"35,392",7.7,"14,090","22,018","24,078","25,472","29,012","35,583","40,829","44,964","48,352",x,,,,,,,,
  Rugby,E07000220,42,"41,814",22.0,"44,543",19.9,"12,572","22,848","25,673","27,839","35,340","46,718","53,183","57,022","61,949",x,,,,,,,,
  Stratford-on-Avon,E07000221,54,"34,847",10.4,"50,938",27.2,"10,874","18,331","21,850","23,758","29,606","40,675","47,607","54,186","62,195",x,,,,,,,,
  Warwick,E07000222,60,"39,797",10.6,"49,679",12.1,x,"21,033","24,855","27,262","31,848","47,223","60,459","62,943","66,981",x,,,,,,,,
West Midlands Met County,E11000005,901,"30,868",6.0,"35,059",5.6,"10,800","17,848","20,847","23,514","27,111","35,105","41,000","44,540","48,339","60,223",,,,,,,,
  Birmingham,E08000025,304,"30,180",4.3,"34,020",3.0,"10,364","17,081","20,360","23,015","26,833","34,929","40,374","43,982","47,774","60,307",,,,,,,,
  Coventry,E08000026,115,"33,063",14.6,"37,224",12.1,"12,004","19,835","23,098","24,835","28,573","37,759","44,150","48,308","52,558",x,,,,,,,,
  Dudley,E08000027,123,"30,822",2.1,"34,571",6.1,"11,709","17,451","19,654","23,383","27,262","34,964","39,193","42,496","46,016",x,,,,,,,,
  Sandwell,E08000028,105,"27,652",0.9,"29,914",-1.7,"9,857","16,269","19,040","21,797","25,081","31,562","36,969","40,006","42,059",x,,,,,,,,
  Solihull,E08000029,74,"36,672",8.4,"45,884",14.1,"11,344","18,945","23,697","26,755","31,557","45,805","53,797","57,684","60,502",x,,,,,,,,
  Walsall,E08000030,94,"29,112",3.8,"32,610",1.7,"10,649","17,626","20,385","22,758","25,733","33,388","38,291","42,448","46,084",x,,,,,,,,
  Wolverhampton,E08000031,87,"31,308",8.1,"36,172",8.9,"11,090","18,495","22,048","24,009","27,875","35,214","41,847","44,234","47,782",x,,,,,,,,
Worcestershire,E10000034,242,"31,010",2.1,"36,907",4.8,"10,962","18,612","21,417","23,664","26,935","36,171","41,880","45,818","51,147","65,146",,,,,,,,
  Bromsgrove,E07000234,42,"36,409",6.9,"44,103",9.1,x,"22,103","24,800","26,078","31,120","42,420","50,901","56,533",x,x,,,,,,,,
  Malvern Hills,E07000235,27,"28,167",3.8,"33,112",-7.6,x,"15,931","16,900","19,101","24,176","31,993","39,337",x,x,x,,,,,,,,
  Redditch,E07000236,32,"29,113",-0.8,"33,951",-3.8,"13,217","19,772","22,570","23,748","26,388","35,109","40,740","44,005","46,941",x,,,,,,,,
  Worcester,E07000237,51,"32,997",8.4,"38,202",11.5,"10,534","18,097","21,304","24,205","28,648","37,035","43,980","46,735","52,540",x,,,,,,,,
  Wychavon,E07000238,53,"29,661",-2.0,"35,405",3.4,"9,234","15,776","20,353","21,816","25,855","34,469","40,174","42,973","47,953",x,,,,,,,,
  Wyre Forest,E07000239,39,"29,408",-2.0,"34,517",7.8,"12,385","19,678","22,067","24,243","26,642","33,898","38,997","41,363",x,x,,,,,,,,
East ,E12000006,"2,385","34,104",3.5,"43,281",6.7,"11,487","18,665","22,500","25,000","29,469","39,847","46,895","50,947","56,061","76,459",,,,,,,,
Bedford UA,E06000055,72,"35,987",7.7,"44,065",12.7,"13,472","22,471","25,032","27,182","30,441","41,655","49,486","52,304","55,958",x,,,,,,,,
Central Bedfordshire UA,E06000056,123,"36,622",2.5,"42,115",3.8,"10,954","19,138","23,044","26,207","30,864","43,408","48,411","51,469","55,462",x,,,,,,,,
Luton UA,E06000032,67,"28,741",-1.3,"31,351",-3.5,"10,886","16,112","17,997","21,681","25,026","32,991","37,536","40,254","44,043",x,,,,,,,,
Peterborough UA,E06000031,75,"29,828",1.1,"33,238",-3.5,"10,710","16,577","19,378","22,274","26,597","34,531","38,941","42,544","47,409",x,,,,,,,,
Southend-on-Sea UA,E06000033,61,"33,594",-3.7,"43,321",6.1,x,"19,112","22,126","24,473","28,895","41,245","49,866","52,804","60,408",x,,,,,,,,
Thurrock UA,E06000034,59,"36,407",3.1,"42,547",5.8,x,"19,263","22,370","25,332","31,235","41,157",x,"52,757",x,x,,,,,,,,
Cambridgeshire,E10000003,299,"35,499",3.5,"47,667",8.4,"12,570","21,836","24,646","26,969","31,103","41,719","49,145","53,492","60,250","80,521",,,,,,,,
  Cambridge,E07000008,56,"38,711",0.7,"51,653",7.0,x,"24,079","26,883","28,833","33,007","44,647","52,477","59,105","65,287",x,,,,,,,,
  East Cambridgeshire,E07000009,41,"34,311",3.3,"50,562",9.9,"12,234","21,306","25,127","26,821","30,021","40,084","49,367","55,108",x,x,,,,,,,,
  Fenland,E07000010,40,"30,125",-5.6,"33,476",1.4,"12,494","18,036","20,384","22,548","26,503","33,140","39,061","42,770","46,358",x,,,,,,,,
  Huntingdonshire,E07000011,80,"33,375",0.5,"39,695",7.9,"12,267","20,329","23,665","25,750","29,593","37,997","43,589","48,253","52,827",x,,,,,,,,
  South Cambridgeshire,E07000012,81,"42,690",15.6,"58,265",7.4,"15,291","23,766","27,473","30,398","35,760","49,543","58,333","65,732","73,705",x,,,,,,,,
Essex,E10000012,534,"34,685",2.6,"44,680",5.2,"10,904","17,613","21,997","24,835","29,491","40,500","48,000","52,165","58,650","80,845",,,,,,,,
  Basildon,E07000066,70,"34,133",0.9,"43,056",3.2,"12,809","20,589","23,507","25,636","29,923","39,888","45,649","52,138","57,129",x,,,,,,,,
  Braintree,E07000067,60,"34,546",-3.9,"37,489",-5.2,x,"17,396","21,151","23,973","29,464","39,354","45,689","50,394","54,704",x,,,,,,,,
  Brentwood,E07000068,28,"39,864",-8.3,"57,200",-16.9,x,x,"23,122","25,957","35,171","47,152","54,486",x,x,x,,,,,,,,
  Castle Point,E07000069,27,"35,975",3.1,"42,637",10.9,"13,582","19,812","23,194","26,292","30,488","41,531","48,460",x,x,x,,,,,,,,
  Chelmsford,E07000070,57,"35,791",8.4,"46,329",10.8,"10,735","17,782","22,552","25,698","30,283","45,717","52,848","57,311","65,151",x,,,,,,,,
  Colchester,E07000071,75,"31,589",0.4,"38,945",0.8,"9,574","14,745","20,758","23,375","27,329","37,444","43,075","48,303","52,332",x,,,,,,,,
  Epping Forest,E07000072,49,"38,171",5.7,"51,841",5.2,"9,865","17,946","21,359","26,904","31,226","44,565","53,547","59,415",x,x,,,,,,,,
  Harlow,E07000073,30,"30,654",-2.1,"37,267",8.1,"10,517","17,292","19,384","23,153","27,408","35,130","41,213","45,528",x,x,,,,,,,,
  Maldon,E07000074,24,"32,599",2.1,"50,114",,x,"14,872","18,197","22,441","28,884","39,091",x,x,x,x,,,,,,,,
  Rochford,E07000075,30,"38,107",2.3,"43,996",0.5,x,x,"24,196","26,809","32,489","44,162","49,656","53,066",x,x,,,,,,,,
  Tendring,E07000076,51,"29,545",-1.0,"36,437",6.2,"10,277","15,712","18,767","22,569","25,659","36,130","41,124","45,308","48,581",x,,,,,,,,
  Uttlesford,E07000077,34,"41,006",13.2,x,,x,"21,924","25,462","28,168","34,391","49,022","58,759",x,x,x,,,,,,,,
Hertfordshire,E10000015,439,"39,949",9.1,"54,231",12.8,"12,098","21,378","25,107","28,340","33,620","46,788","55,703","61,561","69,456","95,770",,,,,,,,
  Broxbourne,E07000095,33,"37,283",9.4,"47,463",14.7,x,"18,673","23,522","27,696","33,183","44,047","52,519","55,341",x,x,,,,,,,,
  Dacorum,E07000096,54,"36,473",12.1,"48,213",18.6,"11,773","19,326","22,983","26,645","31,231","41,898","50,830","59,554","66,187",x,,,,,,,,
  East Hertfordshire,E07000242,60,"44,154",11.9,x,,x,"22,318","26,796","29,924","36,772","52,667","64,537","70,210","79,003",x,,,,,,,,
  Hertsmere,E07000098,35,"36,159",-2.1,"54,508",13.0,x,"17,488","21,423","27,258","31,315","43,115","51,703",x,x,x,,,,,,,,
  North Hertfordshire,E07000099,55,"42,703",9.9,"51,433",7.8,"10,922","20,919","24,884","28,618","35,783","48,755","54,739","59,549",x,x,,,,,,,,
  St Albans,E07000240,53,"45,543",8.6,"68,368",2.8,"13,523","22,535","28,387","32,397","38,621","57,814","75,185","80,140",x,x,,,,,,,,
  Stevenage,E07000243,34,"35,747",12.8,"40,194",12.2,"12,558","21,904","24,609","26,420","31,302","43,827","50,245","54,060","56,379",x,,,,,,,,
  Three Rivers,E07000102,34,"39,615",0.6,"57,263",17.3,x,"24,632","26,591","28,079","33,093","45,426","54,205",x,x,x,,,,,,,,
  Watford,E07000103,39,"37,172",6.4,"50,172",8.0,"13,920","22,803","25,226","28,257","31,518","43,020","52,171","55,852","64,308",x,,,,,,,,
  Welwyn Hatfield,E07000241,42,"37,805",4.3,"45,438",12.3,x,"21,541","24,504","27,057","33,646","45,000","49,806","54,097",x,x,,,,,,,,
Norfolk,E10000020,354,"30,268",2.3,"33,929",3.4,"10,683","16,149","19,518","22,637","26,319","34,833","39,513","43,319","46,901","58,880",,,,,,,,
  Breckland,E07000143,54,"28,930",0.5,"30,532",-2.3,"10,639","14,994","17,464","19,755","24,566","32,397","36,585","38,841","42,969",x,,,,,,,,
  Broadland,E07000144,58,"30,920",1.8,"36,368",7.6,"10,660","15,519","18,752","21,713","25,161","36,461","43,161","46,045","50,342",x,,,,,,,,
  Great Yarmouth,E07000145,35,"28,808",2.2,"31,828",1.9,x,"13,258","15,099","19,089","24,398","33,412","37,920","38,909","43,708",x,,,,,,,,
  King's Lynn and West Norfolk,E07000146,53,"30,581",1.7,"35,557",10.2,"11,618","18,703","22,763","23,691","27,061","35,818","40,729","44,178","47,354",x,,,,,,,,
  North Norfolk,E07000147,30,"28,421",9.1,"32,100",12.6,"8,099","14,851","17,532","22,102","25,688","31,259","35,817","38,465",x,x,,,,,,,,
  Norwich,E07000148,58,"30,421",3.6,"33,723",4.8,"11,218","18,144","21,566","23,733","27,268","34,166","39,416","42,097","46,949",x,,,,,,,,
  South Norfolk,E07000149,66,"32,934",-2.6,"35,402",-4.8,"10,458","17,568","21,622","24,354","27,930","37,561","43,047","46,834","52,732",x,,,,,,,,
Suffolk,E10000029,302,"31,304",4.2,"37,090",4.7,"10,281","17,768","21,345","24,003","27,804","36,347","42,370","45,901","49,974","64,214",,,,,,,,
  Babergh,E07000200,34,"30,118",0.4,"35,961",-3.4,x,x,"20,140","23,319","26,781","33,659","43,136","45,583",x,x,,,,,,,,
  Ipswich,E07000202,65,"30,928",0.9,"35,909",5.2,"10,486","18,012","20,757","23,817","28,187","35,552","40,150","43,483","47,063",x,,,,,,,,
  Mid Suffolk,E07000203,44,"31,507",5.0,"38,259",0.8,x,"15,058","18,747","21,516","26,734","38,076","44,781","48,249",x,x,,,,,,,,
  East Suffolk,E07000244,91,"30,261",3.1,"34,796",7.9,"11,820","17,742","21,328","23,914","27,275","34,605","40,879","44,150","48,733",x,,,,,,,,
  West Suffolk,E07000245,68,"33,437",8.8,"41,126",8.1,"10,173","19,679","23,536","25,235","29,119","39,353","44,502","49,515","52,855",x,,,,,,,,
London ,E12000007,"2,971","39,778",3.9,"55,033",6.9,"12,000","21,875","25,999","28,917","34,226","46,437","54,770","60,409","67,586","95,332",,,,,,,,
Inner London,E13000001,"1,149","42,641",5.3,"63,090",4.4,"12,504","24,288","28,028","30,962","36,614","50,230","59,993","65,898","73,890","109,841",,,,,,,,
  Camden,E09000007,67,"44,088",6.5,"71,777",13.7,x,"25,803","29,029","31,463","37,413","53,847","67,822","72,550",x,x,,,,,,,,
  City of London,E09000001,x,x,,"73,082",-5.2,x,x,x,x,x,x,x,x,x,x,,,,,,,,
  Hackney,E09000012,88,"40,237",2.6,"51,030",0.9,"9,534","14,928","21,114","26,619","32,460","48,214","56,614","61,440","68,725",x,,,,,,,,
  Hammersmith and Fulham,E09000013,63,"42,811",-2.8,"68,907",17.4,"13,199","26,694","29,916","32,677","38,853","49,861","64,433","69,991",x,x,,,,,,,,
  Haringey,E09000014,85,"37,563",-2.1,"44,993",-1.3,"11,183","18,940","23,255","27,485","32,971","43,036","50,959","55,584","60,710",x,,,,,,,,
  Islington,E09000019,77,"47,411",9.4,"83,641",,"15,422","27,722","30,818","34,035","38,124","54,258","65,586","73,594","84,188",x,,,,,,,,
  Kensington and Chelsea,E09000020,36,"46,690",5.3,"114,203",,x,"29,469","31,800","35,393","42,500","55,506",x,x,x,x,,,,,,,,
  Lambeth,E09000022,115,"43,666",1.6,"62,733",10.8,"14,634","27,995","30,656","33,803","38,575","50,877","56,924","64,670","71,539",x,,,,,,,,
  Lewisham,E09000023,115,"39,505",5.0,"47,643",1.3,"11,941","22,365","26,674","29,509","34,267","45,422","55,447","61,377","68,075",x,,,,,,,,
  Newham,E09000025,110,"36,080",10.8,"43,724",10.7,"11,874","19,066","23,207","26,006","31,297","41,431","50,150","54,378","59,955",x,,,,,,,,
  Southwark,E09000028,118,"43,006",9.2,"56,656",9.2,"13,405","24,597","27,449","31,200","36,031","50,681","59,118","64,994","71,094",x,,,,,,,,
  Tower Hamlets,E09000030,106,"45,183",12.4,"60,317",14.7,"12,615","24,241","29,237","32,847","38,681","52,309","62,820","70,615","85,327",x,,,,,,,,
  Wandsworth,E09000032,107,"49,310",9.9,"81,801",30.6,"15,144","29,019","33,407","36,663","42,625","58,578","70,650","77,246",x,x,,,,,,,,
  Westminster,E09000033,58,"45,172",-1.6,"83,196",,"14,274","27,356","30,033","32,000","38,086","54,830","66,226",x,x,x,,,,,,,,
Outer London,E13000002,"1,823","38,000",2.8,"49,955",9.5,"11,781","20,688","24,677","27,538","32,487","44,159","51,828","56,899","63,432","87,749",,,,,,,,
  Barking and Dagenham,E09000002,64,"32,911",10.5,"35,424",10.7,"8,723","15,213","21,439","25,183","30,367","37,436","42,319","45,147","48,815",x,,,,,,,,
  Barnet,E09000003,130,"39,239",7.9,"52,160",13.5,"10,799","19,556","25,872","29,447","33,656","45,973","52,222","57,490","65,037",x,,,,,,,,
  Bexley,E09000004,92,"36,883",-4.1,"44,762",1.5,"8,955","16,564","20,939","26,016","31,191","43,307","50,187","55,271","60,000",x,,,,,,,,
  Brent,E09000005,111,"34,871",4.4,"43,550",-3.7,"12,000","19,538","23,418","25,695","29,546","39,737","47,486","51,431","58,192",x,,,,,,,,
  Bromley,E09000006,118,"43,981",8.6,"58,925",16.4,"12,811","24,566","27,772","30,605","36,969","51,424","59,216","63,999","74,884",x,,,,,,,,
  Croydon,E09000008,144,"38,080",0.1,"43,961",2.2,"12,927","21,971","25,509","28,795","32,970","43,790","50,227","54,094","59,299",x,,,,,,,,
  Ealing,E09000009,125,"35,665",-1.2,"45,109",-3.9,"11,477","20,973","24,384","26,394","30,687","40,983","48,292","52,920","59,960",x,,,,,,,,
  Enfield,E09000010,102,"34,962",-1.2,"42,206",1.5,"9,820","14,178","18,663","23,247","29,790","41,511","48,781","52,375","57,229",x,,,,,,,,
  Greenwich,E09000011,107,"39,984",0.5,x,,"12,854","22,997","26,953","29,951","34,828","46,817","54,912","60,689","68,366",x,,,,,,,,
  Harrow,E09000015,88,"36,000",7.5,"51,059",23.5,"10,672","20,188","23,864","26,205","32,227","42,944","54,892","59,712","69,000",x,,,,,,,,
  Havering,E09000016,90,"40,726",4.7,"45,725",6.7,"12,100","22,319","24,641","27,548","34,651","46,413","54,064","56,190","62,030",x,,,,,,,,
  Hillingdon,E09000017,107,"36,429",4.2,"47,268",16.2,"14,649","21,758","24,954","27,258","31,054","42,296","49,890","53,912","62,158",x,,,,,,,,
  Hounslow,E09000018,97,"35,301",5.4,"42,735",6.2,"11,598","17,668","22,038","25,946","30,150","40,221","46,458","48,913","54,747",x,,,,,,,,
  Kingston upon Thames,E09000021,58,"41,833",8.7,"53,447",7.6,x,"22,782","25,429","28,489","33,991","47,078","54,362","61,213","66,966",x,,,,,,,,
  Merton,E09000024,78,"43,507",14.9,"61,843",16.2,"15,765","25,653","28,303","31,721","37,880","51,294","61,307","65,752","77,475",x,,,,,,,,
  Redbridge,E09000026,87,"37,190",0.4,"45,882",0.3,"11,950","19,833","22,580","26,600","31,400","44,180","50,661","54,771","61,765",x,,,,,,,,
  Richmond upon Thames,E09000027,61,"46,594",-2.2,"75,590",-2.9,x,"23,978","28,360","31,500","38,917","57,329","68,383","75,792",x,x,,,,,,,,
  Sutton,E09000029,75,"38,359",3.5,"46,228",9.8,"10,690","20,659","25,989","28,192","33,580","43,406","50,563","55,499","61,287",x,,,,,,,,
  Waltham Forest,E09000031,90,"37,971",-0.3,"45,514",4.6,"11,998","20,207","25,199","27,273","31,623","44,113","52,354","59,046","63,758",x,,,,,,,,
South East ,E12000008,"3,523","35,215",3.3,"44,556",5.3,"11,698","19,740","23,384","25,791","30,226","40,937","48,000","52,471","58,087","78,239",,,,,,,,
Bracknell Forest UA,E06000036,53,"36,067",0.0,"42,373",0.9,x,"20,336","23,689","27,811","31,553","42,193","47,742","52,699","58,498",x,,,,,,,,
Brighton and Hove UA,E06000043,106,"33,506",0.8,"40,737",6.4,"11,227","18,444","22,845","25,155","29,450","38,069","43,216","48,954","54,472",x,,,,,,,,
Buckinghamshire UA,E06000060,204,"35,937",1.3,"47,678",-1.4,"10,117","18,851","22,954","25,128","30,589","41,948","50,203","55,050","60,372",x,,,,,,,,
Isle of Wight UA,E06000046,42,"26,740",-4.3,"30,870",2.2,x,"16,668","18,429","21,103","24,009","29,430","34,768","37,986",x,x,,,,,,,,
Medway UA,E06000035,107,"33,857",5.3,"38,918",4.7,"12,222","20,088","23,162","24,780","29,354","39,999","45,967","49,107","54,020",x,,,,,,,,
Milton Keynes UA,E06000042,112,"36,061",3.3,"43,295",8.5,"12,604","21,469","24,552","26,543","30,629","41,666","49,565","54,052","58,628",x,,,,,,,,
Portsmouth UA,E06000044,71,"30,962",1.0,"38,637",14.6,"10,309","17,277","20,326","23,211","26,837","35,613","40,362","43,294","48,312",x,,,,,,,,
Reading UA,E06000038,71,"35,454",8.3,"43,720",7.1,"12,504","22,277","24,656","26,761","31,121","41,901","52,562","56,004","62,663",x,,,,,,,,
Slough UA,E06000039,56,"35,521",6.0,"39,266",1.5,x,"23,784","26,181","27,917","32,175","39,005","44,618","49,116","51,344",x,,,,,,,,
Southampton UA,E06000045,101,"32,907",10.2,"34,762",4.1,"10,232","17,756","21,494","24,342","28,011","36,225","40,215","42,607","45,257",x,,,,,,,,
West Berkshire UA,E06000037,63,"38,513",4.9,"46,287",-7.0,"11,865","22,020","26,072","28,296","32,932","44,196","50,510","54,897","65,627",x,,,,,,,,
Windsor and Maidenhead UA,E06000040,57,"37,653",0.0,"57,666",12.4,"11,749","18,303","22,348","25,441","30,635","43,512","54,199","59,852",x,x,,,,,,,,
Wokingham UA,E06000041,75,"43,538",8.2,"57,185",9.8,"12,570","24,476","28,003","30,902","36,036","52,542","60,408","66,013","72,742",x,,,,,,,,
East Sussex,E10000011,182,"31,896",6.7,"38,048",10.0,"10,414","16,125","19,571","22,700","26,864","36,310","42,491","45,921","49,646",x,,,,,,,,
  Eastbourne,E07000061,34,"31,199",2.6,"35,208",3.3,x,"15,607","21,183","23,113","26,215","35,980","40,575","43,051","46,935",x,,,,,,,,
  Hastings,E07000062,32,"29,323",7.7,"30,899",6.0,"10,990","17,430","19,249","20,542","26,086","33,096","37,612","41,594","43,729",x,,,,,,,,
  Lewes,E07000063,34,"33,088",13.1,"36,401",5.6,"10,927",x,"20,989","24,760","28,208","38,859","43,471","45,794",x,x,,,,,,,,
  Rother,E07000064,25,"30,790",2.0,"41,055",14.1,x,"18,880","20,857","23,163","26,758","35,366",x,x,x,x,,,,,,,,
  Wealden,E07000065,57,"33,376",7.7,"43,375",15.8,x,"14,037","17,341","21,074","27,125","39,323","46,303","50,455","54,065",x,,,,,,,,
Hampshire,E10000014,590,"35,693",3.7,"45,140",7.4,"12,444","20,469","24,281","26,638","30,828","41,361","48,301","52,998","59,068","77,719",,,,,,,,
  Basingstoke and Deane,E07000084,75,"39,279",3.1,"49,677",8.5,"13,289","23,276","26,526","28,551","32,875","45,731","52,038","58,188","62,435",x,,,,,,,,
  East Hampshire,E07000085,51,"39,682",12.9,x,,"12,685","23,002","26,121","28,135","33,332","47,502","56,815","60,126","65,570",x,,,,,,,,
  Eastleigh,E07000086,68,"34,474",4.1,"42,934",10.4,"12,389","20,936","24,419","26,399","29,844","40,986","49,275","54,755","59,994",x,,,,,,,,
  Fareham,E07000087,44,"38,851",9.4,"46,340",9.5,"11,969","21,983","25,621","28,813","34,315","43,640","50,459","56,116",x,x,,,,,,,,
  Gosport,E07000088,36,"34,256",7.8,"36,257",8.8,x,"19,326","22,428","25,887","29,604","37,277","41,656","44,081","48,511",x,,,,,,,,
  Hart,E07000089,45,"39,341",-5.1,"49,445",6.8,x,"22,899","25,656","27,996","33,912","46,698","55,932","61,058",x,x,,,,,,,,
  Havant,E07000090,40,"30,819",3.5,"35,925",5.5,"11,830","17,398","22,015","24,078","28,386","34,094","41,114","44,731",x,x,,,,,,,,
  New Forest,E07000091,67,"31,344",7.2,"37,271",10.9,"10,893","16,358","18,682","22,294","26,957","36,207","42,727","46,409","51,625",x,,,,,,,,
  Rushmoor,E07000092,50,"33,734",0.4,"38,122",-2.6,x,"18,001","21,946","25,777","29,705","37,535","41,455","44,095","49,998",x,,,,,,,,
  Test Valley,E07000093,58,"35,314",9.0,"41,780",9.6,"12,774","21,730","25,212","27,110","31,179","40,237","47,227","51,331","55,125",x,,,,,,,,
  Winchester,E07000094,56,"38,352",3.5,x,,"12,591","22,315","26,544","29,666","33,217","44,851","50,602","55,746",x,x,,,,,,,,
Kent,E10000016,547,"33,734",3.8,"41,787",8.6,"11,332","19,177","22,574","25,000","29,259","39,323","46,389","50,254","55,727","75,020",,,,,,,,
  Ashford,E07000105,49,"32,991",1.7,"39,399",3.0,"11,660","21,175","22,693","24,995","29,136","37,430","43,532","46,687","50,344",x,,,,,,,,
  Canterbury,E07000106,52,"30,188",2.3,"36,528",6.9,"10,556","15,818","18,951","21,641","27,011","35,032","42,381","46,157","50,526",x,,,,,,,,
  Dartford,E07000107,49,"36,210",3.4,"43,786",6.0,x,"20,474","24,626","28,510","32,483","44,119","50,632","53,961","60,162",x,,,,,,,,
  Dover,E07000108,34,"33,704",1.1,"37,963",3.0,"12,031","16,815","21,623","24,729","29,596","39,363","44,440","46,724",x,x,,,,,,,,
  Gravesham,E07000109,36,"35,065",13.1,"40,172",14.1,"12,159","18,649","22,593","24,412","29,936","41,114","45,035","47,356",x,x,,,,,,,,
  Maidstone,E07000110,67,"34,151",5.5,"40,535",9.1,"12,570","23,404","25,128","26,625","30,345","38,946","47,599","51,239","55,464",x,,,,,,,,
  Sevenoaks,E07000111,41,"34,969",-1.2,"50,441",11.9,x,"14,936","20,217","22,865","29,432","43,673","49,436",x,x,x,,,,,,,,
  Folkestone and Hythe,E07000112,36,"33,355",1.5,"36,868",6.5,"11,300","19,199","22,805","24,539","27,341","37,446","44,701","46,338",x,x,,,,,,,,
  Swale,E07000113,53,"33,647",6.2,"38,181",6.1,"12,042","18,812","22,099","24,404","28,911","37,275","43,170","47,511","52,659",x,,,,,,,,
  Thanet,E07000114,41,"28,323",0.8,"35,816",6.9,"10,874","18,459","20,499","22,777","25,894","34,335","43,125","46,330",x,x,,,,,,,,
  Tonbridge and Malling,E07000115,51,"35,106",7.6,"47,335",14.6,x,"18,881","23,653","25,770","30,784","43,305","49,872","54,999","67,822",x,,,,,,,,
  Tunbridge Wells,E07000116,39,"35,319",-5.4,"55,601",13.5,x,"21,562","23,662","25,120","30,075","47,289",x,x,x,x,,,,,,,,
Oxfordshire,E10000025,295,"38,285",2.6,"47,307",3.7,"12,828","21,257","25,293","27,402","33,000","44,225","51,117","54,507","60,170","79,003",,,,,,,,
  Cherwell,E07000177,65,"36,568",1.3,"43,315",3.4,"13,433","21,016","23,724","26,182","30,221","42,483","50,187","53,290","58,495",x,,,,,,,,
  Oxford,E07000178,57,"36,517",0.2,"41,516",-0.8,"10,821","19,294","23,350","25,684","31,216","41,232","46,881","50,681","54,683",x,,,,,,,,
  South Oxfordshire,E07000179,59,"43,026",13.2,"62,328",,x,"24,344","29,249","32,293","37,399","48,535","56,654","59,608",x,x,,,,,,,,
  Vale of White Horse,E07000180,65,"38,859",1.6,"46,710",10.2,"13,708","24,370","26,374","28,585","33,474","44,395","51,216","54,580","62,167",x,,,,,,,,
  West Oxfordshire,E07000181,50,"35,388",9.1,"41,932",11.2,"12,307","20,261","24,278","26,030","30,621","42,055","49,368","53,396","57,158",x,,,,,,,,
Surrey,E10000030,456,"39,473",0.5,"54,131",-0.2,"11,401","20,819","24,156","27,157","33,238","45,712","54,205","60,000","66,927","94,659",,,,,,,,
  Elmbridge,E07000207,48,"42,607",0.2,"79,026",,"10,794","18,152","22,693","27,091","33,785","50,070","59,321",x,x,x,,,,,,,,
  Epsom and Ewell,E07000208,32,"43,006",7.5,"56,209",17.8,x,x,"24,948","30,761","34,510","50,022","60,796",x,x,x,,,,,,,,
  Guildford,E07000209,57,"39,985",5.6,"54,626",,"12,363","22,673","24,798","27,441","34,455","46,580","56,933","61,890","67,294",x,,,,,,,,
  Mole Valley,E07000210,30,"35,341",-5.4,"44,039",,x,x,"18,749","22,140","28,237","40,298","52,089",x,x,x,,,,,,,,
  Reigate and Banstead,E07000211,58,"40,014",-0.2,"49,833",-7.4,x,"23,516","27,006","29,857","34,261","44,721","51,212","59,567","63,807",x,,,,,,,,
  Runnymede,E07000212,33,"42,203",8.0,"48,025",-1.5,x,"22,936","25,154","28,070","33,858","48,093","55,548","63,000",x,x,,,,,,,,
  Spelthorne,E07000213,40,"37,918",4.0,"45,983",4.0,"14,010","23,354","27,141","28,826","33,659","44,164","51,587","54,944",x,x,,,,,,,,
  Surrey Heath,E07000214,33,"37,793",-7.7,x,,x,"19,805","22,514","25,253","31,214","43,213",x,x,x,x,,,,,,,,
  Tandridge,E07000215,33,"33,316",1.4,"42,974",11.0,x,"17,944","21,847","23,401","28,567","40,369","46,570",x,x,x,,,,,,,,
  Waverley,E07000216,49,"42,326",-3.5,"63,557",15.6,x,"20,891","23,988","26,715","34,780","48,437","58,033","63,501",x,x,,,,,,,,
  Woking,E07000217,42,"38,172",-0.9,"43,753",-13.0,x,"22,480","24,796","27,969","32,571","43,948","49,809","53,198",x,x,,,,,,,,
West Sussex,E10000032,335,"32,897",1.9,"39,587",5.7,"11,402","19,168","22,236","24,699","28,570","38,325","45,003","48,911","53,489","69,681",,,,,,,,
  Adur,E07000223,24,"30,217",1.3,"37,627",5.4,"11,161","18,761","20,980","23,575","26,868","36,670","43,727",x,x,x,,,,,,,,
  Arun,E07000224,59,"29,809",3.6,"34,472",3.5,"10,861","18,350","21,017","23,955","26,672","33,306","39,048","43,411","47,927",x,,,,,,,,
  Chichester,E07000225,38,"28,585",1.1,"35,844",4.0,"9,099","13,193","17,550","20,379","24,604","33,098","40,064","43,851",x,x,,,,,,,,
  Crawley,E07000226,44,"34,225",2.5,"40,739",3.6,"12,643","19,236","23,033","25,844","29,292","38,415","45,463","49,311","52,930",x,,,,,,,,
  Horsham,E07000227,59,"36,448",3.6,"43,523",4.6,"10,775","19,982","23,713","26,269","30,189","42,333","48,188","50,720","57,994",x,,,,,,,,
  Mid Sussex,E07000228,70,"37,705",8.5,"43,857",12.4,"12,570","21,411","23,872","26,178","30,560","43,882","49,537","53,839","59,625",x,,,,,,,,
  Worthing,E07000229,40,"32,823",-2.7,"37,267",1.6,"12,250","17,732","23,500","25,647","29,485","35,934","42,081","44,726","52,184",x,,,,,,,,
South West ,E12000009,"2,122","31,432",4.5,"36,051",4.9,"10,800","17,232","20,804","23,633","27,465","36,050","41,599","45,212","49,044","63,009",,,,,,,,
Bath and North East Somerset UA,E06000022,73,"32,481",0.7,"43,277",7.8,"10,918","17,596","21,375","24,350","28,459","37,926","46,245","51,716","59,030",x,,,,,,,,
"Bournemouth, Christchurch and Poole UA",E06000058,146,"31,848",5.4,"36,636",8.8,"10,809","17,503","20,593","23,794","27,669","36,154","40,580","45,012","48,856",x,,,,,,,,
"Bristol, City of UA",E06000023,202,"34,051",3.8,"38,617",5.3,"11,995","19,087","23,100","25,389","29,779","38,564","44,572","48,038","52,577","66,302",,,,,,,,
Dorset UA,E06000059,126,"31,444",5.8,"35,349",7.7,"10,113","16,768","19,771","23,373","28,196","35,955","41,018","44,673","48,289",x,,,,,,,,
North Somerset UA,E06000024,91,"32,996",0.6,"38,742",5.7,"11,022","18,765","22,219","24,776","28,419","38,172","43,690","48,409","54,282",x,,,,,,,,
Plymouth UA,E06000026,101,"28,992",2.4,"32,435",3.7,"11,081","17,211","20,857","23,295","25,935","33,484","37,717","40,288","43,360",x,,,,,,,,
South Gloucestershire UA,E06000025,133,"35,002",3.6,"38,727",2.7,"12,247","19,401","23,470","25,533","30,397","39,537","46,207","50,059","54,134",x,,,,,,,,
Swindon UA,E06000030,98,"33,135",0.7,"38,087",1.8,"11,334","18,851","22,329","24,738","29,078","37,831","43,632","47,476","52,859",x,,,,,,,,
Torbay UA,E06000027,47,"28,963",9.0,"33,069",10.3,"11,776","19,951","21,961","23,243","26,484","31,945","37,079","40,347","44,751",x,,,,,,,,
Cornwall UA,E06000052,180,"28,210",1.4,"31,433",1.7,"9,530","14,715","17,139","19,937","24,492","32,898","37,850","40,701","43,710","53,849",,,,,,,,
Isles of Scilly ,E06000053,x,x,,"30,355",,x,x,x,x,x,x,x,x,x,x,,,,,,,,
Wiltshire UA,E06000054,194,"31,873",9.1,"38,222",5.0,"10,895","17,321","20,831","23,927","27,703","36,331","43,149","46,981","50,804","70,286",,,,,,,,
Devon,E10000008,274,"29,640",4.7,"32,900",3.0,"10,146","16,483","19,788","22,516","25,973","33,996","39,088","42,251","46,190","55,819",,,,,,,,
  East Devon,E07000040,46,"32,154",7.5,"35,950",0.8,"11,809","17,260","20,433","23,190","26,319","36,969","42,679","47,208","49,773",x,,,,,,,,
  Exeter,E07000041,54,"29,531",6.3,"32,967",-2.0,"9,240","15,348","19,929","23,590","26,447","33,668","38,504","42,318","45,384",x,,,,,,,,
  Mid Devon,E07000042,27,"31,908",7.6,"33,036",-0.3,"10,698","17,014","19,624","22,716","27,396","35,046","39,241","41,602",x,x,,,,,,,,
  North Devon,E07000043,33,"28,386",4.9,"30,317",9.1,x,"16,874","21,021","23,014","25,996","31,895","36,932","38,689","40,709",x,,,,,,,,
  South Hams,E07000044,27,"29,721",0.9,"33,638",1.2,x,"15,135","19,458","22,311","26,585","33,218","40,542",x,x,x,,,,,,,,
  Teignbridge,E07000045,46,"28,911",2.7,"33,150",1.2,"12,398","16,969","19,710","21,631","24,892","33,006","37,242","41,124","45,714",x,,,,,,,,
  Torridge,E07000046,24,"28,752",2.6,"30,037",8.6,"8,810","13,847","16,272","19,498","24,537","33,186","35,056","39,197",x,x,,,,,,,,
  West Devon,E07000047,16,"26,556",11.0,"31,371",18.0,x,x,"20,143","22,207","24,956","33,007","41,660","44,897",x,x,,,,,,,,
Gloucestershire,E10000013,241,"32,953",5.6,"37,104",3.4,"10,579","17,980","22,157","24,845","29,184","37,455","43,428","47,402","50,433","64,641",,,,,,,,
  Cheltenham,E07000078,44,"36,014",2.8,"41,041",-0.1,"13,437","22,226","25,851","27,327","31,044","40,893","47,777","51,325","58,888",x,,,,,,,,
  Cotswold,E07000079,32,"32,927",3.5,"39,671",0.7,x,x,"19,744","22,676","29,391","38,144","46,491","50,207",x,x,,,,,,,,
  Forest of Dean,E07000080,28,"36,589",14.9,"37,511",13.3,x,"17,104","21,635","24,898","31,903","41,250","46,519","48,769","51,659",x,,,,,,,,
  Gloucester,E07000081,53,"30,455",3.6,"32,734",0.2,"10,283","18,285","21,714","24,080","27,306","33,888","37,991","40,995","44,554",x,,,,,,,,
  Stroud,E07000082,46,"33,495",9.4,"36,741",10.3,"10,202","16,649","22,071","24,577","29,396","37,654","42,082","45,449","48,764",x,,,,,,,,
  Tewkesbury,E07000083,38,"31,603",5.1,"36,653",0.9,x,"16,598","21,020","24,002","28,233","36,517","44,632","47,744",x,x,,,,,,,,
Somerset UA,E06000066,213,"29,908",3.8,"34,571",5.2,"10,040","16,183","19,172","22,169","25,798","34,141","39,653","43,170","46,407","59,148",,,,,,,,
Wales  ,W92000004,"1,202","30,732",3.9,"34,595",6.6,"11,166","17,943","21,140","23,615","27,012","35,215","40,445","44,088","47,586","58,258",,,,,,,,
Isle of Anglesey / Ynys Môn,W06000001,27,"29,944",-8.2,"31,656",-1.3,x,"15,159","18,569","21,631","26,274","34,736","38,472","41,243",x,x,,,,,,,,
Gwynedd / Gwynedd,W06000002,43,"25,179",4.1,"29,318",4.1,"10,559","15,402","16,702","19,417","22,764","29,825","34,994","38,707","41,368",x,,,,,,,,
Conwy / Conwy,W06000003,44,"28,113",4.0,"33,674",4.4,x,"16,658","18,273","20,317","24,128","33,579","38,875","42,731","47,969",x,,,,,,,,
Denbighshire / Sir Ddinbych,W06000004,38,"26,812",6.3,"29,976",6.7,"9,992","15,586","17,408","20,253","23,973","30,355","33,629","37,135",x,x,,,,,,,,
Flintshire / Sir y Fflint,W06000005,59,"32,675",6.8,"36,407",7.1,"11,949","20,936","23,954","25,776","28,783","36,826","45,483","47,029","49,560",x,,,,,,,,
Wrexham / Wrecsam,W06000006,53,"29,752",0.9,"32,355",0.6,"9,707","16,641","20,342","23,092","25,827","34,101","39,254","42,037","46,065",x,,,,,,,,
Powys / Powys,W06000023,39,"30,275",1.9,"32,061",1.0,x,x,x,x,"26,521","34,007","38,380","42,950",x,x,,,,,,,,
Ceredigion / Ceredigion,W06000008,28,"29,326",0.5,"32,048",-2.6,x,"13,975","18,877","23,714","26,847","32,660","38,592","41,600",x,x,,,,,,,,
Pembrokeshire / Sir Benfro,W06000009,46,"27,243",-4.8,"29,920",2.0,x,"13,435","15,321","17,836","22,499","31,281","38,603","40,515","44,046",x,,,,,,,,
Carmarthenshire / Sir Gaerfyrddin,W06000010,68,"30,774",6.5,"35,003",9.6,"10,653","17,666","21,296","23,956","26,895","35,574","41,511","45,637","48,194",x,,,,,,,,
Swansea / Abertawe,W06000011,99,"32,091",9.8,"35,131",11.6,"10,419","18,585","21,862","24,406","28,000","35,997","41,648","44,039","47,454",x,,,,,,,,
Neath Port Talbot / Castell-nedd Port Talbot,W06000012,54,"30,709",-0.2,"33,269",5.5,"14,724","19,531","22,508","23,984","27,571","34,585","38,647","42,057","45,457",x,,,,,,,,
Bridgend / Pen-y-bont ar Ogwr,W06000013,58,"31,475",3.1,"34,754",3.5,"11,998","17,714","21,936","24,000","27,561","35,842","40,507","46,220","48,792",x,,,,,,,,
Vale of Glamorgan / Bro Morgannwg,W06000014,50,"31,410",-3.9,"40,189",6.9,"11,888","20,282","22,783","23,753","27,231","37,142","44,872","46,494","50,478",x,,,,,,,,
Cardiff / Caerdydd,W06000015,143,"32,756",3.9,"36,723",6.3,"12,000","19,359","23,089","24,588","28,678","36,544","42,183","46,372","50,573","64,410",,,,,,,,
Rhondda Cynon Taf / Rhondda Cynon Taf,W06000016,95,"29,802",5.2,"32,316",5.3,"9,445","16,395","20,316","23,211","26,302","33,833","38,699","41,591","44,935",x,,,,,,,,
Merthyr Tydfil / Merthyr Tudful,W06000024,26,"31,504",4.7,"38,536",14.5,x,"24,175","25,048","25,717","28,062","35,644","39,915","43,152",x,x,,,,,,,,
Caerphilly / Caerffili,W06000018,70,"30,854",8.5,"33,725",11.6,"11,280","18,774","21,695","24,042","27,282","33,522","39,996","44,704","47,359",x,,,,,,,,
Blaenau Gwent / Blaenau Gwent,W06000019,25,"30,734",5.5,"31,736",5.6,x,"19,695","21,722","23,521","27,979","34,109","38,236","41,743","44,841",x,,,,,,,,
Torfaen / Torfaen,W06000020,40,"33,201",13.9,"43,147",34.0,"14,462","20,559","22,996","25,242","29,379","39,141","41,959","45,437","48,303",x,,,,,,,,
Monmouthshire / Sir Fynwy,W06000021,40,"35,020",3.8,"42,135",2.5,"13,484","21,226","23,981","25,931","31,144","40,151","46,679","51,769",x,x,,,,,,,,
Newport / Casnewydd,W06000022,58,"31,495",1.8,"33,189",-0.3,"10,931","17,127","19,491","22,593","26,042","35,792","39,302","42,412","46,569",x,,,,,,,,
Scotland ,S92000003,"2,204","33,061",3.7,"38,022",5.5,"11,946","19,050","22,657","24,956","28,902","38,337","44,466","47,780","51,135","64,825",,,,,,,,
Aberdeen City,S12000033,99,"32,399",1.6,"38,315",4.8,"12,143","19,265","22,345","24,619","28,962","37,426","44,815","47,729","52,568",x,,,,,,,,
Aberdeenshire,S12000034,106,"33,799",7.1,"39,775",3.6,"10,852","18,058","22,055","24,778","29,426","40,041","46,135","49,967","55,821",x,,,,,,,,
Angus,S12000041,38,"30,681",3.6,"33,932",2.7,x,"16,620","20,432","22,995","26,627","35,125","39,506","45,175","49,987",x,,,,,,,,
Argyll and Bute,S12000035,31,"30,436",5.0,"33,207",7.4,"9,885","17,279","19,250","22,666","26,876","34,349","40,294","44,775","46,599",x,,,,,,,,
Clackmannanshire,S12000005,22,"31,992",-1.9,"36,292",-6.6,"13,079","17,944","21,482","23,518","28,450","36,104","40,068","44,049",x,x,,,,,,,,
Dumfries and Galloway,S12000006,57,"29,649",5.5,"32,975",7.7,"10,227","17,258","19,342","23,306","26,547","33,710","38,412","41,856","45,770",x,,,,,,,,
Dundee City,S12000042,59,"30,523",1.4,"33,453",1.4,"12,235","19,993","22,780","23,982","27,993","33,896","38,637","41,012","45,379",x,,,,,,,,
East Ayrshire,S12000008,41,"33,117",8.8,"35,345",7.7,"12,099","17,862","23,102","24,183","28,505","36,992","41,143","43,982","49,443",x,,,,,,,,
East Dunbartonshire,S12000045,47,"38,000",-1.5,"48,476",10.1,"12,284","19,358","23,143","27,066","32,386","43,575","49,898","54,975",x,x,,,,,,,,
East Lothian,S12000010,55,"33,737",0.3,"39,631",0.5,"11,711","21,238","24,205","26,270","29,960","37,554","44,584","49,592",x,x,,,,,,,,
East Renfrewshire,S12000011,43,"39,965",7.1,"48,296",9.2,"13,501","24,428","26,471","28,060","34,590","45,701","51,388","56,643",x,x,,,,,,,,
City of Edinburgh,S12000036,202,"37,380",7.8,"45,649",11.4,"13,583","22,940","25,547","27,621","32,390","43,326","51,012","56,123","63,176","81,716",,,,,,,,
Falkirk,S12000014,65,"32,330",1.4,"36,712",5.7,"10,181","18,391","21,790","24,091","27,998","37,256","42,888","45,247","49,188",x,,,,,,,,
Fife,S12000047,151,"32,445",5.5,"36,843",3.9,"13,128","19,648","22,946","24,981","29,218","37,499","42,853","46,420","50,199","60,513",,,,,,,,
Glasgow City,S12000049,239,"32,121",4.7,"36,433",6.9,"11,856","18,539","21,650","24,323","28,223","36,737","42,925","46,800","49,900","59,754",,,,,,,,
Highland,S12000017,100,"31,416",-0.5,"33,925",-0.7,"9,839","17,245","19,597","21,770","26,696","36,774","41,804","44,617","47,117",x,,,,,,,,
Inverclyde,S12000018,25,"29,020",3.7,"31,226",-1.7,x,"17,138","20,356","22,546","25,814","32,697","37,732","39,789",x,x,,,,,,,,
Midlothian,S12000019,49,"31,856",-2.6,"38,994",4.5,"13,404","20,382","24,185","25,434","28,588","38,376","44,485","48,206","51,412",x,,,,,,,,
Moray,S12000020,31,"26,943",9.3,"30,848",9.4,x,"12,453","14,808","18,545","23,936","30,148","35,141","39,247",x,x,,,,,,,,
Na h-Eileanan Siar,S12000013,10,"28,746",-4.3,"31,270",-3.5,x,x,x,"21,630","25,469","31,169",x,x,x,x,,,,,,,,
North Ayrshire,S12000021,42,"34,689",6.3,"36,685",7.9,"11,675","20,409","24,140","25,729","29,068","39,504","44,397","47,748","50,416",x,,,,,,,,
North Lanarkshire,S12000050,139,"34,105",2.6,"36,113",3.9,"12,023","19,383","23,684","25,895","29,617","39,690","44,764","46,758","49,357","58,699",,,,,,,,
Orkney Islands,S12000023,12,"31,737",,"34,556",12.7,x,x,"18,561","21,915","26,104","37,293",x,x,x,x,,,,,,,,
Perth and Kinross,S12000048,69,"31,851",1.5,"38,528",4.9,"12,000","17,923","22,389","25,540","28,399","38,434","44,934","48,781","50,791",x,,,,,,,,
Renfrewshire,S12000038,78,"32,832",4.4,"37,517",4.9,"12,956","19,674","22,577","25,381","29,099","37,787","44,952","48,671","50,778",x,,,,,,,,
Scottish Borders,S12000026,42,"28,796",-2.3,"32,784",4.2,"11,548","16,286","19,487","22,087","25,670","32,764","38,533","41,096","43,752",x,,,,,,,,
Shetland Islands,S12000027,12,"35,716",2.2,"36,526",8.0,x,x,x,x,"30,901","40,845","47,924",x,x,x,,,,,,,,
South Ayrshire,S12000028,42,"33,986",-1.5,"37,006",3.4,"11,558","16,743","20,211","22,895","27,473","39,518","47,160","49,898","52,327",x,,,,,,,,
South Lanarkshire,S12000029,143,"34,293",3.9,"39,376",8.4,"11,549","19,272","22,935","25,374","29,871","39,613","46,228","49,685","52,868",x,,,,,,,,
Stirling,S12000030,40,"33,832",-0.7,"43,262",2.5,x,"20,705","23,393","26,431","30,173","39,474","47,630","50,055",x,x,,,,,,,,
West Dunbartonshire,S12000039,35,"31,962",11.2,"35,428",9.4,"12,655","19,576","22,931","24,869","27,548","37,897","43,900","46,154","49,555",x,,,,,,,,
West Lothian,S12000040,79,"33,302",-3.6,"38,508",2.2,"13,125","21,446","24,110","25,624","29,210","39,748","44,571","48,046","51,208",x,,,,,,,,
Northern Ireland ,N92000002,883,"31,252",8.6,"35,789",9.3,"10,299","17,528","21,026","23,618","27,518","35,877","41,221","44,657","48,950","61,572",,,,,,,,
Not Classified,,136,"31,284",0.6,"40,154",6.3,"8,640","15,512","19,057","22,458","27,204","36,579","43,578","48,694","53,567",x,,,,,,,,
a  Employees on adult rates who have been in the same job for more than a year.,,,,,,,,,,,,,,,,,,,,,,,,
b  Figures for Number of Jobs are for indicative purposes only and should not be considered an accurate estimate of employee job counts.,,,,,,,,,,,,,,,,,,,,,,,,
"KEY - The colour coding indicates the quality of each estimate;  jobs, median, mean and percentiles but not the annual percentage change. ",,,,,,,,,,,,,,,,,,,,,,,,
"The quality of an estimate is measured by its coefficient of variation (CV), which is the ratio of the standard error of an estimate to the estimate.",,,,,,,,,,,,,,,,,,,,,,,,
"Source: Annual Survey of Hours and Earnings, Office for National Statistics.",,,,,,,,,,,,,,,,,,,,,,,,
